{
  "mean_monthly": 0.044063175343920256,
  "vol_monthly": 0.052043377990081775,
  "mean_annual_approx": 0.528758104127043,
  "vol_annual_approx": 0.18028354975266694,
  "sharpe_annual": 2.9329248556091354,
  "total_return_test": 1.740881192194291
}