{
  "mean_monthly": 0.04843977346187194,
  "vol_monthly": 0.04324912647085398,
  "mean_annual_approx": 0.5812772815424633,
  "vol_annual_approx": 0.14981936886098227,
  "sharpe_annual": 3.879854026630107,
  "total_return_test": 2.053622498809731
}