,bps_per_side,mean_monthly,vol_monthly,mean_annual_approx,vol_annual_approx,sharpe_annual,total_return_test,avg_turnover,avg_cost
0,25,0.044256492111891144,0.052233952153616696,0.5310779053426937,0.1809437180203718,2.9350447263546426,1.7525987565762193,0.07732670718835558,0.00019331676797088894
1,50,0.044063175343920256,0.052043377990081775,0.528758104127043,0.18028354975266694,2.9329248556091354,1.740881192194291,0.07732670718835558,0.0003866335359417779
2,100,0.043676541807978475,0.05166234880869191,0.5241185016957417,0.17896362594999968,2.9286314406826683,1.7175845654125932,0.07732670718835558,0.0007732670718835558
3,150,0.04328990827203671,0.05128148143895652,0.5194788992644405,0.17764426267934605,2.924264996962596,1.6944714820063784,0.07732670718835558,0.0011599006078253334
