,portfolio,mean_monthly,vol_monthly,mean_annual_approx,vol_annual_approx,sharpe_annual,total_return_test
0,EW (frictionless),0.04843977346187194,0.04324912647085398,0.5812772815424633,0.14981936886098227,3.879854026630107,2.053622498809731
1,GMV (50 bps net),0.044063175343920256,0.052043377990081775,0.528758104127043,0.18028354975266694,2.9329248556091354,1.740881192194291
2,ML-GMV (50 bps net),0.04421786142282739,0.05190166821053907,0.5306143370739287,0.17979265267647224,2.9512570684895687,1.7509800004695868
