{
  "mean_monthly": 0.04421786142282739,
  "vol_monthly": 0.05190166821053907,
  "mean_annual_approx": 0.5306143370739287,
  "vol_annual_approx": 0.17979265267647224,
  "sharpe_annual": 2.9512570684895687,
  "total_return_test": 1.7509800004695868
}